Path;SteerAngle;Throttle;Brake;Speed;X_Position;Y_Position;Pitch;Yaw;Roll
/Users/robertlo/Documents/GitHub/playground/Udacity_Robot/IMG/robocam_2018_02_21_17_19_00_645.jpg;0;0;1;0;99.66999;85.58897;0.0002360718;56.46218;-9.810528E-07
/Users/robertlo/Documents/GitHub/playground/Udacity_Robot/IMG/robocam_2018_02_21_17_19_00_704.jpg;0;0;0;0;99.66999;85.58897;0.0002360718;56.46218;-9.810528E-07
/Users/robertlo/Documents/GitHub/playground/Udacity_Robot/IMG/robocam_2018_02_21_17_19_00_770.jpg;0;0;0;0;99.66999;85.58897;0.0002360718;56.46218;-9.810528E-07
/Users/robertlo/Documents/GitHub/playground/Udacity_Robot/IMG/robocam_2018_02_21_17_19_00_838.jpg;0;0;0;0;99.66999;85.58897;0.0002376166;56.69681;-1.168721E-06
/Users/robertlo/Documents/GitHub/playground/Udacity_Robot/IMG/robocam_2018_02_21_17_19_00_905.jpg;-0.0143981;0;0;0;99.66999;85.58897;0.0002374562;56.57524;-2.408534E-07
/Users/robertlo/Documents/GitHub/playground/Udacity_Robot/IMG/robocam_2018_02_21_17_19_00_971.jpg;3.951302;0;0;0;99.66999;85.58897;0.0002384094;57.05005;-9.41931E-07
/Users/robertlo/Documents/GitHub/playground/Udacity_Robot/IMG/robocam_2018_02_21_17_19_01_037.jpg;0;0;0;0;99.66999;85.58897;0.0002390927;57.27785;-5.472223E-07
/Users/robertlo/Documents/GitHub/playground/Udacity_Robot/IMG/robocam_2018_02_21_17_19_01_104.jpg;-2.040296;0;0;0;99.66999;85.58897;0.0002398879;57.03303;1.534255E-06
/Users/robertlo/Documents/GitHub/playground/Udacity_Robot/IMG/robocam_2018_02_21_17_19_01_171.jpg;-5.997298;0;0;0;99.66999;85.58897;0.0002414992;56.19154;5.463976E-06
/Users/robertlo/Documents/GitHub/playground/Udacity_Robot/IMG/robocam_2018_02_21_17_19_01_237.jpg;-1.928401;0;0;0;99.66999;85.58897;0.0002411444;55.48516;7.971721E-06
/Users/robertlo/Documents/GitHub/playground/Udacity_Robot/IMG/robocam_2018_02_21_17_19_01_305.jpg;-5.911024;0;0;0;99.66999;85.58897;0.0002411944;54.54412;1.105567E-05
/Users/robertlo/Documents/GitHub/playground/Udacity_Robot/IMG/robocam_2018_02_21_17_19_01_372.jpg;-9.932405;0;0;0;99.66999;85.58897;0.0002398835;52.99887;1.628891E-05
/Users/robertlo/Documents/GitHub/playground/Udacity_Robot/IMG/robocam_2018_02_21_17_19_01_437.jpg;-13.92288;0;0;0;99.66999;85.58897;0.0002385706;49.8928;2.613389E-05
/Users/robertlo/Documents/GitHub/playground/Udacity_Robot/IMG/robocam_2018_02_21_17_19_01_504.jpg;-15;0;0;0;99.66999;85.58897;0.0002375516;47.19284;3.293332E-05
/Users/robertlo/Documents/GitHub/playground/Udacity_Robot/IMG/robocam_2018_02_21_17_19_01_571.jpg;-13.0182;0;0;0;99.66999;85.58897;0.0002360761;44.61178;3.834045E-05
/Users/robertlo/Documents/GitHub/playground/Udacity_Robot/IMG/robocam_2018_02_21_17_19_01_637.jpg;-8.947498;0;0;0;99.66999;85.58897;0.0002347147;42.22432;3.934717E-05
/Users/robertlo/Documents/GitHub/playground/Udacity_Robot/IMG/robocam_2018_02_21_17_19_01_705.jpg;-4.948919;0;0;0;99.66999;85.58897;0.0002349767;41.20947;3.6432E-05
/Users/robertlo/Documents/GitHub/playground/Udacity_Robot/IMG/robocam_2018_02_21_17_19_01_771.jpg;-1.002603;0;0;0;99.66999;85.58897;0.0002368701;40.79501;3.07562E-05
/Users/robertlo/Documents/GitHub/playground/Udacity_Robot/IMG/robocam_2018_02_21_17_19_01_837.jpg;0;0;0;0;99.66999;85.58897;0.0002388933;40.79501;1.941661E-05
/Users/robertlo/Documents/GitHub/playground/Udacity_Robot/IMG/robocam_2018_02_21_17_19_01_903.jpg;0;0;0;0;99.66999;85.58897;0.0002399797;40.79501;1.140422E-05
/Users/robertlo/Documents/GitHub/playground/Udacity_Robot/IMG/robocam_2018_02_21_17_19_01_970.jpg;2.056561;0;0;0;99.66999;85.58897;0.0002410591;40.91842;4.183264E-06
/Users/robertlo/Documents/GitHub/playground/Udacity_Robot/IMG/robocam_2018_02_21_17_19_02_037.jpg;1.9647;0;0;0;99.66999;85.58897;0.0002427182;41.63527;-6.182407E-06
/Users/robertlo/Documents/GitHub/playground/Udacity_Robot/IMG/robocam_2018_02_21_17_19_02_105.jpg;0;0;0;0;99.66999;85.58897;0.0002420402;41.63687;-1.128668E-05
/Users/robertlo/Documents/GitHub/playground/Udacity_Robot/IMG/robocam_2018_02_21_17_19_02_171.jpg;0;0;0;0;99.66999;85.58897;0.0002415238;41.63687;-1.508669E-05
/Users/robertlo/Documents/GitHub/playground/Udacity_Robot/IMG/robocam_2018_02_21_17_19_02_237.jpg;0;0;0;0;99.66999;85.58897;0.000241061;41.63687;-1.874563E-05
/Users/robertlo/Documents/GitHub/playground/Udacity_Robot/IMG/robocam_2018_02_21_17_19_02_304.jpg;0;0;0;0;99.66999;85.58897;0.0002405922;41.63687;-2.082794E-05
/Users/robertlo/Documents/GitHub/playground/Udacity_Robot/IMG/robocam_2018_02_21_17_19_02_371.jpg;0;0;0;0;99.66999;85.58897;0.000240175;41.63687;-2.224363E-05
/Users/robertlo/Documents/GitHub/playground/Udacity_Robot/IMG/robocam_2018_02_21_17_19_02_437.jpg;0;0;0;0;99.66999;85.58897;0.0002394418;41.63687;-2.321627E-05
/Users/robertlo/Documents/GitHub/playground/Udacity_Robot/IMG/robocam_2018_02_21_17_19_02_505.jpg;0;0;0;0;99.66999;85.58897;0.0002389212;41.63687;-2.309906E-05
Path;SteerAngle;Throttle;Brake;Speed;X_Position;Y_Position;Pitch;Yaw;Roll
/Users/robertlo/Documents/GitHub/playground/Udacity_Robot/IMG/robocam_2018_02_21_17_19_02_571.jpg;0;0;0;0;99.66999;85.58897;0.0002382039;41.63687;-2.254375E-05
/Users/robertlo/Documents/GitHub/playground/Udacity_Robot/IMG/robocam_2018_02_21_17_19_02_637.jpg;0;0;0;0;99.66999;85.58897;0.0002372661;41.63687;-2.097611E-05
/Users/robertlo/Documents/GitHub/playground/Udacity_Robot/IMG/robocam_2018_02_21_17_19_02_704.jpg;0;0;0;0;99.66999;85.58897;0.0002364792;41.63687;-1.922368E-05
/Users/robertlo/Documents/GitHub/playground/Udacity_Robot/IMG/robocam_2018_02_21_17_19_02_771.jpg;0;0;0;0;99.66999;85.58897;0.0002357877;41.63687;-1.690198E-05
/Users/robertlo/Documents/GitHub/playground/Udacity_Robot/IMG/robocam_2018_02_21_17_19_02_838.jpg;0;0;0;0;99.66999;85.58897;0.0002351577;41.63687;-1.367524E-05
/Users/robertlo/Documents/GitHub/playground/Udacity_Robot/IMG/robocam_2018_02_21_17_19_02_905.jpg;0;0;0;0;99.66999;85.58897;0.0002348893;41.63687;-1.151448E-05
/Users/robertlo/Documents/GitHub/playground/Udacity_Robot/IMG/robocam_2018_02_21_17_19_02_971.jpg;0;0;0;0;99.66999;85.58897;0.0002344899;41.63687;-9.061639E-06
/Users/robertlo/Documents/GitHub/playground/Udacity_Robot/IMG/robocam_2018_02_21_17_19_03_037.jpg;0;0;0;0;99.66999;85.58897;0.0002335241;41.63687;-5.868696E-06
/Users/robertlo/Documents/GitHub/playground/Udacity_Robot/IMG/robocam_2018_02_21_17_19_03_105.jpg;0;0;0;0;99.66999;85.58897;0.000233222;41.63687;-3.372149E-06
/Users/robertlo/Documents/GitHub/playground/Udacity_Robot/IMG/robocam_2018_02_21_17_19_03_171.jpg;0;0;0;0;99.66999;85.58897;0.0002334842;41.63687;-1.090158E-06
/Users/robertlo/Documents/GitHub/playground/Udacity_Robot/IMG/robocam_2018_02_21_17_19_03_237.jpg;0;0.09937477;0;0;99.67046;85.58939;0.0142485;41.63734;1.45992E-06
/Users/robertlo/Documents/GitHub/playground/Udacity_Robot/IMG/robocam_2018_02_21_17_19_03_304.jpg;0;0.2969971;0;0;99.67096;85.58983;0.02760991;41.64266;-1.812268E-05
/Users/robertlo/Documents/GitHub/playground/Udacity_Robot/IMG/robocam_2018_02_21_17_19_03_371.jpg;0;0.497577;0;0.02917782;99.67281;85.59147;0.07877605;41.69762;-8.166886E-05
/Users/robertlo/Documents/GitHub/playground/Udacity_Robot/IMG/robocam_2018_02_21_17_19_03_437.jpg;0;0.6977069;0;0.04865756;99.67793;85.59601;0.2141051;41.52026;0.0006165089
/Users/robertlo/Documents/GitHub/playground/Udacity_Robot/IMG/robocam_2018_02_21_17_19_03_505.jpg;0;0.899487;0;0.08263685;99.68471;85.60201;0.3877091;41.4352;0.001285439
/Users/robertlo/Documents/GitHub/playground/Udacity_Robot/IMG/robocam_2018_02_21_17_19_03_570.jpg;0;1;0;0.1522042;99.69451;85.61063;0.6067992;41.49976;-0.0009384566
/Users/robertlo/Documents/GitHub/playground/Udacity_Robot/IMG/robocam_2018_02_21_17_19_03_638.jpg;0;1;0;0.2058717;99.7114;85.6256;0.9351148;41.68686;-0.001763945
/Users/robertlo/Documents/GitHub/playground/Udacity_Robot/IMG/robocam_2018_02_21_17_19_03_704.jpg;0;1;0;0.2619738;99.72658;85.63899;1.183986;41.68024;-0.0008998027
/Users/robertlo/Documents/GitHub/playground/Udacity_Robot/IMG/robocam_2018_02_21_17_19_03_770.jpg;0;1;0;0.3289689;99.74316;85.65368;1.340131;41.67154;-0.00146553
/Users/robertlo/Documents/GitHub/playground/Udacity_Robot/IMG/robocam_2018_02_21_17_19_03_837.jpg;0;1;0;0.3674418;99.76392;85.67253;1.161153;41.7384;-0.00136453
/Users/robertlo/Documents/GitHub/playground/Udacity_Robot/IMG/robocam_2018_02_21_17_19_03_904.jpg;0;1;0;0.4259401;99.78278;85.68923;1.063774;41.74103;-0.0008152543
/Users/robertlo/Documents/GitHub/playground/Udacity_Robot/IMG/robocam_2018_02_21_17_19_03_971.jpg;0;1;0;0.5017973;99.80529;85.70924;1.053308;41.86702;-0.001050666
/Users/robertlo/Documents/GitHub/playground/Udacity_Robot/IMG/robocam_2018_02_21_17_19_04_037.jpg;0;1;0;0.5512273;99.8395;85.73963;1.115463;41.8095;-0.0005132153
/Users/robertlo/Documents/GitHub/playground/Udacity_Robot/IMG/robocam_2018_02_21_17_19_04_104.jpg;0;1;0;0.5944234;99.86781;85.7647;1.19154;41.70262;-0.000670971
/Users/robertlo/Documents/GitHub/playground/Udacity_Robot/IMG/robocam_2018_02_21_17_19_04_171.jpg;0;1;0;0.6540474;99.89771;85.79115;1.236127;41.68566;-0.001155264
/Users/robertlo/Documents/GitHub/playground/Udacity_Robot/IMG/robocam_2018_02_21_17_19_04_237.jpg;0;1;0;0.7105336;99.94071;85.82922;1.231912;41.62014;-0.001087639
/Users/robertlo/Documents/GitHub/playground/Udacity_Robot/IMG/robocam_2018_02_21_17_19_04_305.jpg;0;1;0;0.7638417;99.97548;85.85993;1.206902;41.61716;-0.0009007708
/Users/robertlo/Documents/GitHub/playground/Udacity_Robot/IMG/robocam_2018_02_21_17_19_04_371.jpg;0;1;0;0.8245142;100.0125;85.89262;1.187671;41.65795;-0.0005985438
/Users/robertlo/Documents/GitHub/playground/Udacity_Robot/IMG/robocam_2018_02_21_17_19_04_437.jpg;0;1;0;0.8677329;100.0658;85.9397;1.221428;41.66684;-0.0007367072
/Users/robertlo/Documents/GitHub/playground/Udacity_Robot/IMG/robocam_2018_02_21_17_19_04_504.jpg;0;1;0;0.9321819;100.109;85.97784;1.258604;41.6764;-0.0011628
/Users/robertlo/Documents/GitHub/playground/Udacity_Robot/IMG/robocam_2018_02_21_17_19_04_571.jpg;0;1;0;0.9901915;100.1537;86.01732;1.253208;41.62479;-0.000771569
/Users/robertlo/Documents/GitHub/playground/Udacity_Robot/IMG/robocam_2018_02_21_17_19_04_637.jpg;0;1;0;1.046957;100.2165;86.07269;1.215946;41.63529;-0.001057797
/Users/robertlo/Documents/GitHub/playground/Udacity_Robot/IMG/robocam_2018_02_21_17_19_04_705.jpg;-3.03147;1;0;1.092302;100.2668;86.1161;1.218531;41.4612;0.0007493024
/Users/robertlo/Documents/GitHub/playground/Udacity_Robot/IMG/robocam_2018_02_21_17_19_04_771.jpg;-6.031172;1;0;1.153599;100.3201;86.16035;1.224728;41.07826;0.0008407321
/Users/robertlo/Documents/GitHub/playground/Udacity_Robot/IMG/robocam_2018_02_21_17_19_04_837.jpg;-9.025156;1;0;1.196893;100.3958;86.2197;1.215771;40.23414;0.0008564743
/Users/robertlo/Documents/GitHub/playground/Udacity_Robot/IMG/robocam_2018_02_21_17_19_04_904.jpg;-12.00942;1;0;1.245711;100.457;86.26431;1.223867;39.33196;359.9826
/Users/robertlo/Documents/GitHub/playground/Udacity_Robot/IMG/robocam_2018_02_21_17_19_04_971.jpg;-11.98935;1;0;1.301636;100.5215;86.30868;1.221105;38.22296;359.9585
/Users/robertlo/Documents/GitHub/playground/Udacity_Robot/IMG/robocam_2018_02_21_17_19_05_037.jpg;-8.984027;1;0;1.352754;100.611;86.37023;1.213934;36.98598;359.9863
/Users/robertlo/Documents/GitHub/playground/Udacity_Robot/IMG/robocam_2018_02_21_17_19_05_104.jpg;-5.949944;1;0;1.398576;100.6815;86.41827;1.2361;36.29785;0.003432382
/Users/robertlo/Documents/GitHub/playground/Udacity_Robot/IMG/robocam_2018_02_21_17_19_05_171.jpg;-2.949888;1;0;1.460126;100.7542;86.46781;1.253823;35.81953;0.002312092
/Users/robertlo/Documents/GitHub/playground/Udacity_Robot/IMG/robocam_2018_02_21_17_19_05_238.jpg;0;1;0;1.507697;100.8536;86.53731;1.254508;35.60117;-0.0002758884
/Users/robertlo/Documents/GitHub/playground/Udacity_Robot/IMG/robocam_2018_02_21_17_19_05_304.jpg;0;1;0;1.555617;100.9305;86.59185;1.256693;35.57405;-0.0009004141
/Users/robertlo/Documents/GitHub/playground/Udacity_Robot/IMG/robocam_2018_02_21_17_19_05_371.jpg;0;1;0;1.616486;101.0098;86.64805;1.261201;35.55982;-0.000952722
/Users/robertlo/Documents/GitHub/playground/Udacity_Robot/IMG/robocam_2018_02_21_17_19_05_438.jpg;-1.509166;1;0;1.663466;101.1192;86.72511;1.26567;35.47614;-0.0004511694
/Users/robertlo/Documents/GitHub/playground/Udacity_Robot/IMG/robocam_2018_02_21_17_19_05_504.jpg;-4.504228;1;0;1.708389;101.2047;86.78331;1.265859;35.12772;0.001231602
/Users/robertlo/Documents/GitHub/playground/Udacity_Robot/IMG/robocam_2018_02_21_17_19_05_571.jpg;-7.515855;1;0;1.767957;101.2935;86.84129;1.26165;34.49366;0.002172847
/Users/robertlo/Documents/GitHub/playground/Udacity_Robot/IMG/robocam_2018_02_21_17_19_05_638.jpg;-10.4769;1;0;1.811727;101.4179;86.91685;1.257061;33.14749;359.969
/Users/robertlo/Documents/GitHub/playground/Udacity_Robot/IMG/robocam_2018_02_21_17_19_05_704.jpg;-13.50414;1;0;1.853357;101.5153;86.97109;1.222155;31.75872;359.919
/Users/robertlo/Documents/GitHub/playground/Udacity_Robot/IMG/robocam_2018_02_21_17_19_05_771.jpg;-15;1;0;1.908022;101.6162;87.02244;1.143875;30.08701;359.8492
/Users/robertlo/Documents/GitHub/playground/Udacity_Robot/IMG/robocam_2018_02_21_17_19_05_837.jpg;-12.00098;1;0;1.952432;101.7556;87.08921;1.014008;28.00501;359.7672
/Users/robertlo/Documents/GitHub/playground/Udacity_Robot/IMG/robocam_2018_02_21_17_19_05_904.jpg;-8.955465;1;0;1.998397;101.8641;87.13937;0.9395185;26.7607;359.7142
/Users/robertlo/Documents/GitHub/playground/Udacity_Robot/IMG/robocam_2018_02_21_17_19_05_971.jpg;-5.95491;1;0;2.058578;101.9757;87.19024;0.8912022;25.80716;359.6813
/Users/robertlo/Documents/GitHub/playground/Udacity_Robot/IMG/robocam_2018_02_21_17_19_06_037.jpg;-2.989545;1;0;2.103877;102.1291;87.26029;0.8822014;25.04316;359.6801
/Users/robertlo/Documents/GitHub/playground/Udacity_Robot/IMG/robocam_2018_02_21_17_19_06_104.jpg;0;1;0;2.146894;102.2473;87.31533;0.9215981;24.85769;359.7202
/Users/robertlo/Documents/GitHub/playground/Udacity_Robot/IMG/robocam_2018_02_21_17_19_06_170.jpg;0;1;0;2.204801;102.3684;87.37209;1.004415;24.84161;359.7762
/Users/robertlo/Documents/GitHub/playground/Udacity_Robot/IMG/robocam_2018_02_21_17_19_06_237.jpg;0;1;0;2.247258;102.5338;87.44995;1.142223;24.8679;359.8879
/Users/robertlo/Documents/GitHub/playground/Udacity_Robot/IMG/robocam_2018_02_21_17_19_06_303.jpg;0;1;0;2.290431;102.661;87.50978;1.266779;24.89052;359.9851
/Users/robertlo/Documents/GitHub/playground/Udacity_Robot/IMG/robocam_2018_02_21_17_19_06_370.jpg;0;1;0;2.347232;102.7909;87.56923;1.376396;24.87561;-0.001368727
/Users/robertlo/Documents/GitHub/playground/Udacity_Robot/IMG/robocam_2018_02_21_17_19_06_437.jpg;-1.537292;1;0;2.39278;102.9653;87.64854;1.342733;24.78081;-0.0007225443
/Users/robertlo/Documents/GitHub/playground/Udacity_Robot/IMG/robocam_2018_02_21_17_19_06_504.jpg;-4.534199;1;0;2.440392;103.0996;87.70748;1.304849;24.38052;0.001077368
/Users/robertlo/Documents/GitHub/playground/Udacity_Robot/IMG/robocam_2018_02_21_17_19_06_571.jpg;-4.567056;1;0;2.495071;103.2375;87.7657;1.299894;23.70039;-0.001589869
/Users/robertlo/Documents/GitHub/playground/Udacity_Robot/IMG/robocam_2018_02_21_17_19_06_637.jpg;-1.561373;1;0;2.537471;103.4255;87.84515;1.329372;23.11555;-0.0008379909
/Users/robertlo/Documents/GitHub/playground/Udacity_Robot/IMG/robocam_2018_02_21_17_19_06_703.jpg;0;1;0;2.579302;103.5689;87.906;1.332366;22.98331;-0.001611987
/Users/robertlo/Documents/GitHub/playground/Udacity_Robot/IMG/robocam_2018_02_21_17_19_06_770.jpg;0;1;0;2.636871;103.7149;87.96764;1.342449;22.94771;-0.00175504
/Users/robertlo/Documents/GitHub/playground/Udacity_Robot/IMG/robocam_2018_02_21_17_19_06_838.jpg;0;1;0;2.679631;103.9131;88.05091;1.341978;22.92761;-0.001419201
/Users/robertlo/Documents/GitHub/playground/Udacity_Robot/IMG/robocam_2018_02_21_17_19_06_905.jpg;0;1;0;2.721967;104.0648;88.11438;1.350591;22.91506;-0.001287742
/Users/robertlo/Documents/GitHub/playground/Udacity_Robot/IMG/robocam_2018_02_21_17_19_06_971.jpg;-2.992675;1;0;2.777394;104.219;88.17788;1.351731;22.74256;-0.0004771253
/Users/robertlo/Documents/GitHub/playground/Udacity_Robot/IMG/robocam_2018_02_21_17_19_07_037.jpg;0;1;0;2.820043;104.4285;88.2634;1.351791;22.49606;-0.0003967416
/Users/robertlo/Documents/GitHub/playground/Udacity_Robot/IMG/robocam_2018_02_21_17_19_07_104.jpg;0;1;0;2.861529;104.5884;88.32881;1.357965;22.4453;-0.001287799
/Users/robertlo/Documents/GitHub/playground/Udacity_Robot/IMG/robocam_2018_02_21_17_19_07_170.jpg;0;1;0;2.917186;104.7506;88.39507;1.36181;22.42384;-0.001436186
/Users/robertlo/Documents/GitHub/playground/Udacity_Robot/IMG/robocam_2018_02_21_17_19_07_237.jpg;0;0.8003292;0;2.956071;104.9701;88.4846;1.362468;22.40652;-0.0008763263
Path;SteerAngle;Throttle;Brake;Speed;X_Position;Y_Position;Pitch;Yaw;Roll
/Users/robertlo/Documents/GitHub/playground/Udacity_Robot/IMG/robocam_2018_02_21_17_19_07_305.jpg;0;0.6004331;0;2.986454;105.1364;88.55235;1.353956;22.39106;-0.0008201718
/Users/robertlo/Documents/GitHub/playground/Udacity_Robot/IMG/robocam_2018_02_21_17_19_07_371.jpg;0;0.4029492;0;3.012075;105.3035;88.62035;1.331155;22.37273;-0.0007661484
/Users/robertlo/Documents/GitHub/playground/Udacity_Robot/IMG/robocam_2018_02_21_17_19_07_437.jpg;-1.5012;0.2000591;0;3.020293;105.5263;88.71054;1.254172;22.2753;-0.0004316326
/Users/robertlo/Documents/GitHub/playground/Udacity_Robot/IMG/robocam_2018_02_21_17_19_07_504.jpg;-4.481413;0.001378179;0;3.019914;105.6931;88.77604;1.147173;21.88167;-8.993105E-05
/Users/robertlo/Documents/GitHub/playground/Udacity_Robot/IMG/robocam_2018_02_21_17_19_07_571.jpg;-7.495288;0;0;3.006477;105.8596;88.83812;0.9913485;21.13139;359.9594
/Users/robertlo/Documents/GitHub/playground/Udacity_Robot/IMG/robocam_2018_02_21_17_19_07_637.jpg;-10.49481;0;0;2.994451;106.0819;88.91294;0.7091952;19.51662;359.7655
/Users/robertlo/Documents/GitHub/playground/Udacity_Robot/IMG/robocam_2018_02_21_17_19_07_704.jpg;-10.40904;0;0;2.981013;106.2486;88.96296;0.451699;18.03119;359.5253
/Users/robertlo/Documents/GitHub/playground/Udacity_Robot/IMG/robocam_2018_02_21_17_19_07_771.jpg;-7.409522;0;0;2.967031;106.4152;89.00988;0.1724068;16.7272;359.2586
/Users/robertlo/Documents/GitHub/playground/Udacity_Robot/IMG/robocam_2018_02_21_17_19_07_837.jpg;-4.414052;0;0;2.957578;106.6373;89.07053;359.8332;15.54274;358.9527
/Users/robertlo/Documents/GitHub/playground/Udacity_Robot/IMG/robocam_2018_02_21_17_19_07_904.jpg;-1.435277;0;0;2.946711;106.8057;89.11757;359.7436;15.08419;358.9031
/Users/robertlo/Documents/GitHub/playground/Udacity_Robot/IMG/robocam_2018_02_21_17_19_07_971.jpg;0;0;0.09989405;2.932237;106.9758;89.16574;359.8015;14.94628;359.013
/Users/robertlo/Documents/GitHub/playground/Udacity_Robot/IMG/robocam_2018_02_21_17_19_08_037.jpg;0;0;0.3000752;2.887933;107.1983;89.22674;359.8388;14.97159;359.2188
/Users/robertlo/Documents/GitHub/playground/Udacity_Robot/IMG/robocam_2018_02_21_17_19_08_104.jpg;0;0;0.49986;2.816341;107.3568;89.26945;359.683;14.97969;359.3689
/Users/robertlo/Documents/GitHub/playground/Udacity_Robot/IMG/robocam_2018_02_21_17_19_08_171.jpg;0;0;0.6972209;2.662077;107.5051;89.30966;359.3401;14.99694;359.5529
/Users/robertlo/Documents/GitHub/playground/Udacity_Robot/IMG/robocam_2018_02_21_17_19_08_237.jpg;0;0;0;2.508341;107.689;89.36066;358.7469;14.98224;359.9184
/Users/robertlo/Documents/GitHub/playground/Udacity_Robot/IMG/robocam_2018_02_21_17_19_08_304.jpg;0;0;0;2.489856;107.8309;89.39787;358.6425;15.0877;0.1274301
/Users/robertlo/Documents/GitHub/playground/Udacity_Robot/IMG/robocam_2018_02_21_17_19_08_370.jpg;0;0;0.2028573;2.454198;107.9775;89.43443;358.8795;15.00217;0.152261
/Users/robertlo/Documents/GitHub/playground/Udacity_Robot/IMG/robocam_2018_02_21_17_19_08_437.jpg;0;0;0;2.375735;108.1666;89.48313;359.1732;14.89917;0.1208969
/Users/robertlo/Documents/GitHub/playground/Udacity_Robot/IMG/robocam_2018_02_21_17_19_08_505.jpg;0;0;0.1026839;2.363226;108.306;89.5201;359.3369;14.89114;0.1290322
/Users/robertlo/Documents/GitHub/playground/Udacity_Robot/IMG/robocam_2018_02_21_17_19_08_571.jpg;0;0;0.299577;2.31537;108.4415;89.55608;359.4151;14.88986;0.1342575
/Users/robertlo/Documents/GitHub/playground/Udacity_Robot/IMG/robocam_2018_02_21_17_19_08_636.jpg;0;0;0;2.284616;108.619;89.603;359.469;14.88364;0.1189429
/Users/robertlo/Documents/GitHub/playground/Udacity_Robot/IMG/robocam_2018_02_21_17_19_08_704.jpg;0;0;0.1995778;2.271501;108.7499;89.63776;359.4709;14.8828;0.1065101
/Users/robertlo/Documents/GitHub/playground/Udacity_Robot/IMG/robocam_2018_02_21_17_19_08_770.jpg;0;0;0.3998401;2.198517;108.8756;89.67095;359.3723;14.87754;0.08129691
/Users/robertlo/Documents/GitHub/playground/Udacity_Robot/IMG/robocam_2018_02_21_17_19_08_837.jpg;0;0;0.5995349;2.100929;109.0304;89.71152;359.0111;14.85944;0.00912441
/Users/robertlo/Documents/GitHub/playground/Udacity_Robot/IMG/robocam_2018_02_21_17_19_08_904.jpg;0;0;0.799638;1.969562;109.1344;89.73978;358.5715;14.86702;-0.001296431
/Users/robertlo/Documents/GitHub/playground/Udacity_Robot/IMG/robocam_2018_02_21_17_19_08_970.jpg;0;0;0.9963659;1.817379;109.2354;89.76697;358.3383;14.94051;-0.005407408
/Users/robertlo/Documents/GitHub/playground/Udacity_Robot/IMG/robocam_2018_02_21_17_19_09_038.jpg;0;0;1;1.694062;109.3647;89.80186;358.3173;15.03484;-0.00529915
/Users/robertlo/Documents/GitHub/playground/Udacity_Robot/IMG/robocam_2018_02_21_17_19_09_104.jpg;0;0;1;1.584832;109.4574;89.82704;358.5193;15.0914;-0.002422431
/Users/robertlo/Documents/GitHub/playground/Udacity_Robot/IMG/robocam_2018_02_21_17_19_09_171.jpg;0;0;1;1.43089;109.5442;89.85054;358.8484;15.13046;-0.003650619
/Users/robertlo/Documents/GitHub/playground/Udacity_Robot/IMG/robocam_2018_02_21_17_19_09_237.jpg;0;0;1;1.147828;109.6287;89.87321;358.6847;15.13127;-0.003240765
/Users/robertlo/Documents/GitHub/playground/Udacity_Robot/IMG/robocam_2018_02_21_17_19_09_304.jpg;0;0;1;0.9899516;109.6804;89.88714;358.5126;15.11192;-4.024764E-05
/Users/robertlo/Documents/GitHub/playground/Udacity_Robot/IMG/robocam_2018_02_21_17_19_09_371.jpg;0;0;1;0.8269243;109.7289;89.89986;358.5607;15.17908;-0.004774207
/Users/robertlo/Documents/GitHub/playground/Udacity_Robot/IMG/robocam_2018_02_21_17_19_09_437.jpg;0;0;1;0.6346115;109.7752;89.91177;358.5358;15.06536;359.9933
/Users/robertlo/Documents/GitHub/playground/Udacity_Robot/IMG/robocam_2018_02_21_17_19_09_505.jpg;0;0;1;0.4012368;109.791;89.9156;358.3449;15.05849;0.003921364
/Users/robertlo/Documents/GitHub/playground/Udacity_Robot/IMG/robocam_2018_02_21_17_19_09_570.jpg;0;0;1;0.07675631;109.7914;89.91571;358.1204;15.06234;0.01208954
/Users/robertlo/Documents/GitHub/playground/Udacity_Robot/IMG/robocam_2018_02_21_17_19_09_637.jpg;0;0;0;-0.01048382;109.7915;89.91575;358.2225;15.06395;0.001039009
/Users/robertlo/Documents/GitHub/playground/Udacity_Robot/IMG/robocam_2018_02_21_17_19_09_704.jpg;0;0;0;-0.076377;109.7915;89.91583;358.6183;15.0769;0.008496025
/Users/robertlo/Documents/GitHub/playground/Udacity_Robot/IMG/robocam_2018_02_21_17_19_09_771.jpg;0;-0.199767;0;-0.141519;109.7927;89.91565;359.1938;15.13889;0.009389691
/Users/robertlo/Documents/GitHub/playground/Udacity_Robot/IMG/robocam_2018_02_21_17_19_09_837.jpg;0;-0.3972931;0;-0.1586625;109.7917;89.91536;359.8627;15.09342;0.02387138
/Users/robertlo/Documents/GitHub/playground/Udacity_Robot/IMG/robocam_2018_02_21_17_19_09_903.jpg;0;-0.3933302;0;-0.161404;109.7882;89.91441;0.2642864;14.99215;0.03409363
/Users/robertlo/Documents/GitHub/playground/Udacity_Robot/IMG/robocam_2018_02_21_17_19_09_971.jpg;0;-0.1931909;0;-0.2101493;109.7811;89.91251;0.5506312;15.03914;0.04275656
/Users/robertlo/Documents/GitHub/playground/Udacity_Robot/IMG/robocam_2018_02_21_17_19_10_036.jpg;0;-0.3910679;0;-0.2312757;109.7673;89.90833;0.7526885;14.9963;0.01576701
/Users/robertlo/Documents/GitHub/playground/Udacity_Robot/IMG/robocam_2018_02_21_17_19_10_104.jpg;0;-0.5932589;0;-0.2339493;109.7546;89.90488;0.8177969;14.88097;0.0005372118
/Users/robertlo/Documents/GitHub/playground/Udacity_Robot/IMG/robocam_2018_02_21_17_19_10_170.jpg;0;-0.3931289;0;-0.2576446;109.7385;89.90061;0.7858633;14.80465;359.9928
/Users/robertlo/Documents/GitHub/playground/Udacity_Robot/IMG/robocam_2018_02_21_17_19_10_238.jpg;0;-0.193182;0;-0.2732324;109.715;89.89442;0.6799055;14.80865;359.9826
/Users/robertlo/Documents/GitHub/playground/Udacity_Robot/IMG/robocam_2018_02_21_17_19_10_304.jpg;0;0;0;-0.272222;109.6969;89.88966;0.5822421;14.81349;359.9761
/Users/robertlo/Documents/GitHub/playground/Udacity_Robot/IMG/robocam_2018_02_21_17_19_10_371.jpg;0;-0.19884;0;-0.2907865;109.6781;89.88469;0.4634377;14.90484;359.9701
/Users/robertlo/Documents/GitHub/playground/Udacity_Robot/IMG/robocam_2018_02_21_17_19_10_437.jpg;0;-0.3993359;0;-0.3001314;109.6514;89.87755;0.2680106;14.98866;359.9633
/Users/robertlo/Documents/GitHub/playground/Udacity_Robot/IMG/robocam_2018_02_21_17_19_10_504.jpg;0;-0.6015691;0;-0.3294867;109.6289;89.87156;0.07330715;14.99661;359.96
/Users/robertlo/Documents/GitHub/playground/Udacity_Robot/IMG/robocam_2018_02_21_17_19_10_571.jpg;0;-0.4046792;0;-0.3671383;109.6039;89.86485;359.8327;15.08539;359.9577
/Users/robertlo/Documents/GitHub/playground/Udacity_Robot/IMG/robocam_2018_02_21_17_19_10_637.jpg;0;-0.2019364;0;-0.3701266;109.5698;89.85574;359.5296;15.00466;359.9562
/Users/robertlo/Documents/GitHub/playground/Udacity_Robot/IMG/robocam_2018_02_21_17_19_10_704.jpg;0;-0.2081641;0;-0.3771631;109.5448;89.8493;359.356;15.07719;359.9758
/Users/robertlo/Documents/GitHub/playground/Udacity_Robot/IMG/robocam_2018_02_21_17_19_10_770.jpg;0;-0.4058912;0;-0.3916683;109.5192;89.84256;359.2094;14.91199;-0.001910234
/Users/robertlo/Documents/GitHub/playground/Udacity_Robot/IMG/robocam_2018_02_21_17_19_10_837.jpg;0;-0.2058091;0;-0.4081449;109.4844;89.8332;359.0528;14.51909;-0.001803256
/Users/robertlo/Documents/GitHub/playground/Udacity_Robot/IMG/robocam_2018_02_21_17_19_10_904.jpg;0;-0.004377007;0;-0.423641;109.459;89.82648;358.9925;14.59077;0.0007694223
/Users/robertlo/Documents/GitHub/playground/Udacity_Robot/IMG/robocam_2018_02_21_17_19_10_971.jpg;0;0;0;-0.4207645;109.4343;89.81995;358.978;14.6028;-0.0001648045
/Users/robertlo/Documents/GitHub/playground/Udacity_Robot/IMG/robocam_2018_02_21_17_19_11_037.jpg;0;0;0;-0.4199909;109.4025;89.81155;359.0169;14.60046;-8.224117E-05
/Users/robertlo/Documents/GitHub/playground/Udacity_Robot/IMG/robocam_2018_02_21_17_19_11_104.jpg;0;0;0;-0.4190735;109.3793;89.80541;359.0794;14.59851;-1.520981E-06
/Users/robertlo/Documents/GitHub/playground/Udacity_Robot/IMG/robocam_2018_02_21_17_19_11_170.jpg;0;0;0;-0.4177461;109.3564;89.79942;359.1628;14.59756;0.002345193
/Users/robertlo/Documents/GitHub/playground/Udacity_Robot/IMG/robocam_2018_02_21_17_19_11_236.jpg;0;0;0;-0.4166943;109.3265;89.79161;359.2993;14.59761;0.007909177
/Users/robertlo/Documents/GitHub/playground/Udacity_Robot/IMG/robocam_2018_02_21_17_19_11_304.jpg;0;0;0;-0.4155873;109.3044;89.78584;359.4159;14.59763;0.01148172
/Users/robertlo/Documents/GitHub/playground/Udacity_Robot/IMG/robocam_2018_02_21_17_19_11_371.jpg;0;0;0;-0.4140176;109.2824;89.78012;359.5395;14.59765;0.01450119
/Users/robertlo/Documents/GitHub/playground/Udacity_Robot/IMG/robocam_2018_02_21_17_19_11_437.jpg;0;0;0;-0.4127709;109.2533;89.77253;359.7071;14.59766;0.01764734
/Users/robertlo/Documents/GitHub/playground/Udacity_Robot/IMG/robocam_2018_02_21_17_19_11_504.jpg;0;-0.10299;0;-0.4114672;109.2317;89.76691;359.835;14.6126;0.01938741
/Users/robertlo/Documents/GitHub/playground/Udacity_Robot/IMG/robocam_2018_02_21_17_19_11_570.jpg;0;-0.2995799;0;-0.4111136;109.2093;89.76105;359.9378;14.70227;0.02031938
/Users/robertlo/Documents/GitHub/playground/Udacity_Robot/IMG/robocam_2018_02_21_17_19_11_637.jpg;0;-0.503058;0;-0.4352201;109.1759;89.75228;359.9861;14.78683;0.01939351
/Users/robertlo/Documents/GitHub/playground/Udacity_Robot/IMG/robocam_2018_02_21_17_19_11_704.jpg;0;-0.30309;0;-0.4469615;109.1499;89.74538;-0.001585382;14.96362;0.01706098
/Users/robertlo/Documents/GitHub/playground/Udacity_Robot/IMG/robocam_2018_02_21_17_19_11_771.jpg;0;-0.103137;0;-0.469434;109.122;89.73793;359.9668;14.7662;0.01346277
/Users/robertlo/Documents/GitHub/playground/Udacity_Robot/IMG/robocam_2018_02_21_17_19_11_837.jpg;0;0;0;-0.4676571;109.0847;89.72808;359.9274;14.86717;0.01100676
/Users/robertlo/Documents/GitHub/playground/Udacity_Robot/IMG/robocam_2018_02_21_17_19_11_904.jpg;0;0;0;-0.4729607;109.057;89.72072;359.9069;14.86835;0.008281845
/Users/robertlo/Documents/GitHub/playground/Udacity_Robot/IMG/robocam_2018_02_21_17_19_11_970.jpg;0;0;0;-0.4709516;109.0294;89.71342;359.8948;14.86837;0.005628605
/Users/robertlo/Documents/GitHub/playground/Udacity_Robot/IMG/robocam_2018_02_21_17_19_12_037.jpg;0;0;0;-0.4694507;108.9931;89.70377;359.8906;14.86838;0.002287898
/Users/robertlo/Documents/GitHub/playground/Udacity_Robot/IMG/robocam_2018_02_21_17_19_12_104.jpg;0;0;0;-0.4679508;108.9661;89.69659;359.8954;14.86837;-1.845288E-05
/Users/robertlo/Documents/GitHub/playground/Udacity_Robot/IMG/robocam_2018_02_21_17_19_12_171.jpg;0;0;0;-0.4659482;108.9392;89.68947;359.906;14.86836;-0.002118666
/Users/robertlo/Documents/GitHub/playground/Udacity_Robot/IMG/robocam_2018_02_21_17_19_12_237.jpg;0;0;0;-0.4644414;108.9037;89.68004;359.9274;14.86836;-0.004557034
/Users/robertlo/Documents/GitHub/playground/Udacity_Robot/IMG/robocam_2018_02_21_17_19_12_303.jpg;0;0;0;-0.4629288;108.8772;89.67301;359.9475;14.86836;359.9939
/Users/robertlo/Documents/GitHub/playground/Udacity_Robot/IMG/robocam_2018_02_21_17_19_12_371.jpg;0;0;0;-0.4609012;108.8509;89.66602;359.97;14.86835;359.9926
/Users/robertlo/Documents/GitHub/playground/Udacity_Robot/IMG/robocam_2018_02_21_17_19_12_437.jpg;0;0;0;-0.459372;108.8159;89.65674;0.002058885;14.86836;359.9913
/Users/robertlo/Documents/GitHub/playground/Udacity_Robot/IMG/robocam_2018_02_21_17_19_12_504.jpg;0;0;0;-0.4578354;108.7898;89.64981;0.02650202;14.86835;359.9907
/Users/robertlo/Documents/GitHub/playground/Udacity_Robot/IMG/robocam_2018_02_21_17_19_12_506.jpg;0;0;0;-0.4568072;108.7898;89.64981;0.02650202;14.86835;359.9907
/Users/robertlo/Documents/GitHub/playground/Udacity_Robot/IMG/robocam_2018_02_21_17_19_12_538.jpg;0;0;0;-0.4568072;108.7898;89.64981;0.02650202;14.86835;359.9907
/Users/robertlo/Documents/GitHub/playground/Udacity_Robot/IMG/robocam_2018_02_21_17_19_12_571.jpg;0;0;0;0;108.7898;89.64981;0.02650202;14.86835;359.9907
/Users/robertlo/Documents/GitHub/playground/Udacity_Robot/IMG/robocam_2018_02_21_17_19_12_604.jpg;0;0;0;0;108.7898;89.64981;0.02650202;14.86835;359.9907
/Users/robertlo/Documents/GitHub/playground/Udacity_Robot/IMG/robocam_2018_02_21_17_19_12_636.jpg;0;0;0;0;108.7898;89.64981;0.02650202;14.86835;359.9907
/Users/robertlo/Documents/GitHub/playground/Udacity_Robot/IMG/robocam_2018_02_21_17_19_12_670.jpg;0;0;0;0;108.7898;89.64981;0.02650202;14.86835;359.9907
/Users/robertlo/Documents/GitHub/playground/Udacity_Robot/IMG/robocam_2018_02_21_17_19_12_704.jpg;0;0;0;0;108.7898;89.64981;0.02650202;14.86835;359.9907
/Users/robertlo/Documents/GitHub/playground/Udacity_Robot/IMG/robocam_2018_02_21_17_19_12_737.jpg;0;0;0;0;108.7898;89.64981;0.02650202;14.86835;359.9907
/Users/robertlo/Documents/GitHub/playground/Udacity_Robot/IMG/robocam_2018_02_21_17_19_12_771.jpg;0;0;0;0;108.7898;89.64981;0.02650202;14.86835;359.9907
/Users/robertlo/Documents/GitHub/playground/Udacity_Robot/IMG/robocam_2018_02_21_17_19_12_804.jpg;0;0;0;0;108.7898;89.64981;0.02650202;14.86835;359.9907
/Users/robertlo/Documents/GitHub/playground/Udacity_Robot/IMG/robocam_2018_02_21_17_19_12_836.jpg;0;0;0;0;108.7898;89.64981;0.02650202;14.86835;359.9907
/Users/robertlo/Documents/GitHub/playground/Udacity_Robot/IMG/robocam_2018_02_21_17_19_12_871.jpg;0;0;0;0;108.7898;89.64981;0.02650202;14.86835;359.9907
/Users/robertlo/Documents/GitHub/playground/Udacity_Robot/IMG/robocam_2018_02_21_17_19_12_904.jpg;0;0;0;0;108.7898;89.64981;0.02650202;14.86835;359.9907
/Users/robertlo/Documents/GitHub/playground/Udacity_Robot/IMG/robocam_2018_02_21_17_19_12_937.jpg;0;0;0;0;108.7898;89.64981;0.02650202;14.86835;359.9907
/Users/robertlo/Documents/GitHub/playground/Udacity_Robot/IMG/robocam_2018_02_21_17_19_12_971.jpg;0;0;0;0;108.7898;89.64981;0.02650202;14.86835;359.9907
/Users/robertlo/Documents/GitHub/playground/Udacity_Robot/IMG/robocam_2018_02_21_17_19_13_003.jpg;0;0;0;0;108.7898;89.64981;0.02650202;14.86835;359.9907
/Users/robertlo/Documents/GitHub/playground/Udacity_Robot/IMG/robocam_2018_02_21_17_19_13_037.jpg;0;0;0;0;108.7898;89.64981;0.02650202;14.86835;359.9907
/Users/robertlo/Documents/GitHub/playground/Udacity_Robot/IMG/robocam_2018_02_21_17_19_13_071.jpg;0;0;0;0;108.7898;89.64981;0.02650202;14.86835;359.9907
/Users/robertlo/Documents/GitHub/playground/Udacity_Robot/IMG/robocam_2018_02_21_17_19_13_104.jpg;0;0;0;0;108.7898;89.64981;0.02650202;14.86835;359.9907
/Users/robertlo/Documents/GitHub/playground/Udacity_Robot/IMG/robocam_2018_02_21_17_19_13_137.jpg;0;0;0;0;108.7898;89.64981;0.02650202;14.86835;359.9907
/Users/robertlo/Documents/GitHub/playground/Udacity_Robot/IMG/robocam_2018_02_21_17_19_13_170.jpg;0;0;0;0;108.7898;89.64981;0.02650202;14.86835;359.9907
/Users/robertlo/Documents/GitHub/playground/Udacity_Robot/IMG/robocam_2018_02_21_17_19_13_204.jpg;0;0;0;0;108.7898;89.64981;0.02650202;14.86835;359.9907
/Users/robertlo/Documents/GitHub/playground/Udacity_Robot/IMG/robocam_2018_02_21_17_19_13_237.jpg;0;0;0;0;108.7898;89.64981;0.02650202;14.86835;359.9907
/Users/robertlo/Documents/GitHub/playground/Udacity_Robot/IMG/robocam_2018_02_21_17_19_13_271.jpg;0;0;0;0;108.7898;89.64981;0.02650202;14.86835;359.9907
/Users/robertlo/Documents/GitHub/playground/Udacity_Robot/IMG/robocam_2018_02_21_17_19_13_303.jpg;0;0;0;0;108.7898;89.64981;0.02650202;14.86835;359.9907
/Users/robertlo/Documents/GitHub/playground/Udacity_Robot/IMG/robocam_2018_02_21_17_19_13_337.jpg;0;0;0;0;108.7898;89.64981;0.02650202;14.86835;359.9907
/Users/robertlo/Documents/GitHub/playground/Udacity_Robot/IMG/robocam_2018_02_21_17_19_13_371.jpg;0;0;0;0;108.7898;89.64981;0.02650202;14.86835;359.9907
/Users/robertlo/Documents/GitHub/playground/Udacity_Robot/IMG/robocam_2018_02_21_17_19_13_403.jpg;0;0;0;0;108.7898;89.64981;0.02650202;14.86835;359.9907
/Users/robertlo/Documents/GitHub/playground/Udacity_Robot/IMG/robocam_2018_02_21_17_19_13_436.jpg;0;0;0;0;108.7898;89.64981;0.02650202;14.86835;359.9907
/Users/robertlo/Documents/GitHub/playground/Udacity_Robot/IMG/robocam_2018_02_21_17_19_13_471.jpg;0;0;0;0;108.7898;89.64981;0.02650202;14.86835;359.9907
/Users/robertlo/Documents/GitHub/playground/Udacity_Robot/IMG/robocam_2018_02_21_17_19_13_504.jpg;0;0;0;0;108.7898;89.64981;0.02650202;14.86835;359.9907
/Users/robertlo/Documents/GitHub/playground/Udacity_Robot/IMG/robocam_2018_02_21_17_19_13_537.jpg;0;0;0;0;108.7898;89.64981;0.02650202;14.86835;359.9907
/Users/robertlo/Documents/GitHub/playground/Udacity_Robot/IMG/robocam_2018_02_21_17_19_13_571.jpg;0;0;0;0;108.7898;89.64981;0.02650202;14.86835;359.9907
/Users/robertlo/Documents/GitHub/playground/Udacity_Robot/IMG/robocam_2018_02_21_17_19_13_604.jpg;0;0;0;0;108.7898;89.64981;0.02650202;14.86835;359.9907
/Users/robertlo/Documents/GitHub/playground/Udacity_Robot/IMG/robocam_2018_02_21_17_19_13_636.jpg;0;0;0;0;108.7898;89.64981;0.02650202;14.86835;359.9907
/Users/robertlo/Documents/GitHub/playground/Udacity_Robot/IMG/robocam_2018_02_21_17_19_13_671.jpg;0;0;0;0;108.7898;89.64981;0.02650202;14.86835;359.9907
/Users/robertlo/Documents/GitHub/playground/Udacity_Robot/IMG/robocam_2018_02_21_17_19_13_704.jpg;0;0;0;0;108.7898;89.64981;0.02650202;14.86835;359.9907
/Users/robertlo/Documents/GitHub/playground/Udacity_Robot/IMG/robocam_2018_02_21_17_19_13_736.jpg;0;0;0;0;108.7898;89.64981;0.02650202;14.86835;359.9907
/Users/robertlo/Documents/GitHub/playground/Udacity_Robot/IMG/robocam_2018_02_21_17_19_13_771.jpg;0;0;0;0;108.7898;89.64981;0.02650202;14.86835;359.9907
/Users/robertlo/Documents/GitHub/playground/Udacity_Robot/IMG/robocam_2018_02_21_17_19_13_804.jpg;0;0;0;0;108.7898;89.64981;0.02650202;14.86835;359.9907
/Users/robertlo/Documents/GitHub/playground/Udacity_Robot/IMG/robocam_2018_02_21_17_19_13_838.jpg;0;0;0;0;108.7898;89.64981;0.02650202;14.86835;359.9907
/Users/robertlo/Documents/GitHub/playground/Udacity_Robot/IMG/robocam_2018_02_21_17_19_13_871.jpg;0;0;0;0;108.7898;89.64981;0.02650202;14.86835;359.9907
/Users/robertlo/Documents/GitHub/playground/Udacity_Robot/IMG/robocam_2018_02_21_17_19_13_904.jpg;0;0;0;0;108.7898;89.64981;0.02650202;14.86835;359.9907
/Users/robertlo/Documents/GitHub/playground/Udacity_Robot/IMG/robocam_2018_02_21_17_19_13_937.jpg;0;0;0;0;108.7898;89.64981;0.02650202;14.86835;359.9907
/Users/robertlo/Documents/GitHub/playground/Udacity_Robot/IMG/robocam_2018_02_21_17_19_13_970.jpg;0;0;0;0;108.7898;89.64981;0.02650202;14.86835;359.9907
/Users/robertlo/Documents/GitHub/playground/Udacity_Robot/IMG/robocam_2018_02_21_17_19_14_004.jpg;0;0;0;0;108.7898;89.64981;0.02650202;14.86835;359.9907
/Users/robertlo/Documents/GitHub/playground/Udacity_Robot/IMG/robocam_2018_02_21_17_19_14_037.jpg;0;0;0;0;108.7898;89.64981;0.02650202;14.86835;359.9907
/Users/robertlo/Documents/GitHub/playground/Udacity_Robot/IMG/robocam_2018_02_21_17_19_14_070.jpg;0;0;0;0;108.7898;89.64981;0.02650202;14.86835;359.9907
Path;SteerAngle;Throttle;Brake;Speed;X_Position;Y_Position;Pitch;Yaw;Roll
/Users/robertlo/Documents/GitHub/playground/Udacity_Robot/IMG/robocam_2018_02_21_17_19_14_103.jpg;0;0;0;0;108.7898;89.64981;0.02650202;14.86835;359.9907
/Users/robertlo/Documents/GitHub/playground/Udacity_Robot/IMG/robocam_2018_02_21_17_19_14_136.jpg;0;0;0;0;108.7898;89.64981;0.02650202;14.86835;359.9907
/Users/robertlo/Documents/GitHub/playground/Udacity_Robot/IMG/robocam_2018_02_21_17_19_14_171.jpg;0;0;0;0;108.7898;89.64981;0.02650202;14.86835;359.9907
/Users/robertlo/Documents/GitHub/playground/Udacity_Robot/IMG/robocam_2018_02_21_17_19_14_204.jpg;0;0;0;0;108.7898;89.64981;0.02650202;14.86835;359.9907
/Users/robertlo/Documents/GitHub/playground/Udacity_Robot/IMG/robocam_2018_02_21_17_19_14_236.jpg;0;0;0;0;108.7898;89.64981;0.02650202;14.86835;359.9907
/Users/robertlo/Documents/GitHub/playground/Udacity_Robot/IMG/robocam_2018_02_21_17_19_14_271.jpg;0;0;0;0;108.7898;89.64981;0.02650202;14.86835;359.9907
/Users/robertlo/Documents/GitHub/playground/Udacity_Robot/IMG/robocam_2018_02_21_17_19_14_304.jpg;0;0;0;0;108.7898;89.64981;0.02650202;14.86835;359.9907
/Users/robertlo/Documents/GitHub/playground/Udacity_Robot/IMG/robocam_2018_02_21_17_19_14_338.jpg;0;0;0;0;108.7898;89.64981;0.02650202;14.86835;359.9907
/Users/robertlo/Documents/GitHub/playground/Udacity_Robot/IMG/robocam_2018_02_21_17_19_14_370.jpg;0;0;0;0;108.7898;89.64981;0.02650202;14.86835;359.9907
/Users/robertlo/Documents/GitHub/playground/Udacity_Robot/IMG/robocam_2018_02_21_17_19_14_404.jpg;0;0;0;0;108.7898;89.64981;0.02650202;14.86835;359.9907
/Users/robertlo/Documents/GitHub/playground/Udacity_Robot/IMG/robocam_2018_02_21_17_19_14_436.jpg;0;0;0;0;108.7898;89.64981;0.02650202;14.86835;359.9907
/Users/robertlo/Documents/GitHub/playground/Udacity_Robot/IMG/robocam_2018_02_21_17_19_14_470.jpg;0;0;0;0;108.7898;89.64981;0.02650202;14.86835;359.9907
/Users/robertlo/Documents/GitHub/playground/Udacity_Robot/IMG/robocam_2018_02_21_17_19_14_503.jpg;0;0;0;0;108.7898;89.64981;0.02650202;14.86835;359.9907
/Users/robertlo/Documents/GitHub/playground/Udacity_Robot/IMG/robocam_2018_02_21_17_19_14_537.jpg;0;0;0;0;108.7898;89.64981;0.02650202;14.86835;359.9907
/Users/robertlo/Documents/GitHub/playground/Udacity_Robot/IMG/robocam_2018_02_21_17_19_14_571.jpg;0;0;0;0;108.7898;89.64981;0.02650202;14.86835;359.9907
/Users/robertlo/Documents/GitHub/playground/Udacity_Robot/IMG/robocam_2018_02_21_17_19_14_603.jpg;0;0;0;0;108.7898;89.64981;0.02650202;14.86835;359.9907
/Users/robertlo/Documents/GitHub/playground/Udacity_Robot/IMG/robocam_2018_02_21_17_19_14_636.jpg;0;0;0;0;108.7898;89.64981;0.02650202;14.86835;359.9907
/Users/robertlo/Documents/GitHub/playground/Udacity_Robot/IMG/robocam_2018_02_21_17_19_14_671.jpg;0;0;0;0;108.7898;89.64981;0.02650202;14.86835;359.9907
/Users/robertlo/Documents/GitHub/playground/Udacity_Robot/IMG/robocam_2018_02_21_17_19_14_704.jpg;0;0;0;0;108.7898;89.64981;0.02650202;14.86835;359.9907
/Users/robertlo/Documents/GitHub/playground/Udacity_Robot/IMG/robocam_2018_02_21_17_19_14_737.jpg;0;0;0;0;108.7898;89.64981;0.02650202;14.86835;359.9907
/Users/robertlo/Documents/GitHub/playground/Udacity_Robot/IMG/robocam_2018_02_21_17_19_14_771.jpg;0;0;0;0;108.7898;89.64981;0.02650202;14.86835;359.9907
/Users/robertlo/Documents/GitHub/playground/Udacity_Robot/IMG/robocam_2018_02_21_17_19_14_804.jpg;0;0;0;0;108.7898;89.64981;0.02650202;14.86835;359.9907
/Users/robertlo/Documents/GitHub/playground/Udacity_Robot/IMG/robocam_2018_02_21_17_19_14_836.jpg;0;0;0;0;108.7898;89.64981;0.02650202;14.86835;359.9907
/Users/robertlo/Documents/GitHub/playground/Udacity_Robot/IMG/robocam_2018_02_21_17_19_14_871.jpg;0;0;0;0;108.7898;89.64981;0.02650202;14.86835;359.9907
/Users/robertlo/Documents/GitHub/playground/Udacity_Robot/IMG/robocam_2018_02_21_17_19_14_904.jpg;0;0;0;0;108.7898;89.64981;0.02650202;14.86835;359.9907
/Users/robertlo/Documents/GitHub/playground/Udacity_Robot/IMG/robocam_2018_02_21_17_19_14_937.jpg;0;0;0;0;108.7898;89.64981;0.02650202;14.86835;359.9907
/Users/robertlo/Documents/GitHub/playground/Udacity_Robot/IMG/robocam_2018_02_21_17_19_14_970.jpg;0;0;0;0;108.7898;89.64981;0.02650202;14.86835;359.9907
/Users/robertlo/Documents/GitHub/playground/Udacity_Robot/IMG/robocam_2018_02_21_17_19_15_004.jpg;0;0;0;0;108.7898;89.64981;0.02650202;14.86835;359.9907
/Users/robertlo/Documents/GitHub/playground/Udacity_Robot/IMG/robocam_2018_02_21_17_19_15_036.jpg;0;0;0;0;108.7898;89.64981;0.02650202;14.86835;359.9907
/Users/robertlo/Documents/GitHub/playground/Udacity_Robot/IMG/robocam_2018_02_21_17_19_15_071.jpg;0;0;0;0;108.7898;89.64981;0.02650202;14.86835;359.9907
/Users/robertlo/Documents/GitHub/playground/Udacity_Robot/IMG/robocam_2018_02_21_17_19_15_104.jpg;0;0;0;0;108.7898;89.64981;0.02650202;14.86835;359.9907
/Users/robertlo/Documents/GitHub/playground/Udacity_Robot/IMG/robocam_2018_02_21_17_19_15_137.jpg;0;0;0;0;108.7898;89.64981;0.02650202;14.86835;359.9907
/Users/robertlo/Documents/GitHub/playground/Udacity_Robot/IMG/robocam_2018_02_21_17_19_15_170.jpg;0;0;0;0;108.7898;89.64981;0.02650202;14.86835;359.9907
/Users/robertlo/Documents/GitHub/playground/Udacity_Robot/IMG/robocam_2018_02_21_17_19_15_204.jpg;0;0;0;0;108.7898;89.64981;0.02650202;14.86835;359.9907
/Users/robertlo/Documents/GitHub/playground/Udacity_Robot/IMG/robocam_2018_02_21_17_19_15_237.jpg;0;0;0;0;108.7898;89.64981;0.02650202;14.86835;359.9907
/Users/robertlo/Documents/GitHub/playground/Udacity_Robot/IMG/robocam_2018_02_21_17_19_15_271.jpg;0;0;0;0;108.7898;89.64981;0.02650202;14.86835;359.9907
/Users/robertlo/Documents/GitHub/playground/Udacity_Robot/IMG/robocam_2018_02_21_17_19_15_304.jpg;0;0;0;0;108.7898;89.64981;0.02650202;14.86835;359.9907
/Users/robertlo/Documents/GitHub/playground/Udacity_Robot/IMG/robocam_2018_02_21_17_19_15_336.jpg;0;0;0;0;108.7898;89.64981;0.02650202;14.86835;359.9907
/Users/robertlo/Documents/GitHub/playground/Udacity_Robot/IMG/robocam_2018_02_21_17_19_15_370.jpg;0;0;0;0;108.7898;89.64981;0.02650202;14.86835;359.9907
/Users/robertlo/Documents/GitHub/playground/Udacity_Robot/IMG/robocam_2018_02_21_17_19_15_404.jpg;0;0;0;0;108.7898;89.64981;0.02650202;14.86835;359.9907
/Users/robertlo/Documents/GitHub/playground/Udacity_Robot/IMG/robocam_2018_02_21_17_19_15_436.jpg;0;0;0;0;108.7898;89.64981;0.02650202;14.86835;359.9907
/Users/robertlo/Documents/GitHub/playground/Udacity_Robot/IMG/robocam_2018_02_21_17_19_15_471.jpg;0;0;0;0;108.7898;89.64981;0.02650202;14.86835;359.9907
/Users/robertlo/Documents/GitHub/playground/Udacity_Robot/IMG/robocam_2018_02_21_17_19_15_504.jpg;0;0;0;0;108.7898;89.64981;0.02650202;14.86835;359.9907
/Users/robertlo/Documents/GitHub/playground/Udacity_Robot/IMG/robocam_2018_02_21_17_19_15_537.jpg;0;0;0;0;108.7898;89.64981;0.02650202;14.86835;359.9907
/Users/robertlo/Documents/GitHub/playground/Udacity_Robot/IMG/robocam_2018_02_21_17_19_15_571.jpg;0;0;0;0;108.7898;89.64981;0.02650202;14.86835;359.9907
/Users/robertlo/Documents/GitHub/playground/Udacity_Robot/IMG/robocam_2018_02_21_17_19_15_604.jpg;0;0;0;0;108.7898;89.64981;0.02650202;14.86835;359.9907
/Users/robertlo/Documents/GitHub/playground/Udacity_Robot/IMG/robocam_2018_02_21_17_19_15_637.jpg;0;0;0;0;108.7898;89.64981;0.02650202;14.86835;359.9907
/Users/robertlo/Documents/GitHub/playground/Udacity_Robot/IMG/robocam_2018_02_21_17_19_15_670.jpg;0;0;0;0;108.7898;89.64981;0.02650202;14.86835;359.9907
/Users/robertlo/Documents/GitHub/playground/Udacity_Robot/IMG/robocam_2018_02_21_17_19_15_703.jpg;0;0;0;0;108.7898;89.64981;0.02650202;14.86835;359.9907
/Users/robertlo/Documents/GitHub/playground/Udacity_Robot/IMG/robocam_2018_02_21_17_19_15_737.jpg;0;0;0;0;108.7898;89.64981;0.02650202;14.86835;359.9907
/Users/robertlo/Documents/GitHub/playground/Udacity_Robot/IMG/robocam_2018_02_21_17_19_15_770.jpg;0;0;0;0;108.7898;89.64981;0.02650202;14.86835;359.9907
/Users/robertlo/Documents/GitHub/playground/Udacity_Robot/IMG/robocam_2018_02_21_17_19_15_804.jpg;0;0;0;0;108.7898;89.64981;0.02650202;14.86835;359.9907
/Users/robertlo/Documents/GitHub/playground/Udacity_Robot/IMG/robocam_2018_02_21_17_19_15_837.jpg;0;0;0;0;108.7898;89.64981;0.02650202;14.86835;359.9907
/Users/robertlo/Documents/GitHub/playground/Udacity_Robot/IMG/robocam_2018_02_21_17_19_15_870.jpg;0;0;0;0;108.7898;89.64981;0.02650202;14.86835;359.9907
/Users/robertlo/Documents/GitHub/playground/Udacity_Robot/IMG/robocam_2018_02_21_17_19_15_904.jpg;0;0;0;0;108.7898;89.64981;0.02650202;14.86835;359.9907
/Users/robertlo/Documents/GitHub/playground/Udacity_Robot/IMG/robocam_2018_02_21_17_19_15_937.jpg;0;0;0;0;108.7898;89.64981;0.02650202;14.86835;359.9907
/Users/robertlo/Documents/GitHub/playground/Udacity_Robot/IMG/robocam_2018_02_21_17_19_15_970.jpg;0;0;0;0;108.7898;89.64981;0.02650202;14.86835;359.9907
/Users/robertlo/Documents/GitHub/playground/Udacity_Robot/IMG/robocam_2018_02_21_17_19_16_003.jpg;0;0;0;0;108.7898;89.64981;0.02650202;14.86835;359.9907
/Users/robertlo/Documents/GitHub/playground/Udacity_Robot/IMG/robocam_2018_02_21_17_19_16_036.jpg;0;0;0;0;108.7898;89.64981;0.02650202;14.86835;359.9907
/Users/robertlo/Documents/GitHub/playground/Udacity_Robot/IMG/robocam_2018_02_21_17_19_16_071.jpg;0;0;0;0;108.7898;89.64981;0.02650202;14.86835;359.9907
/Users/robertlo/Documents/GitHub/playground/Udacity_Robot/IMG/robocam_2018_02_21_17_19_16_104.jpg;0;0;0;0;108.7898;89.64981;0.02650202;14.86835;359.9907
/Users/robertlo/Documents/GitHub/playground/Udacity_Robot/IMG/robocam_2018_02_21_17_19_16_136.jpg;0;0;0;0;108.7898;89.64981;0.02650202;14.86835;359.9907
/Users/robertlo/Documents/GitHub/playground/Udacity_Robot/IMG/robocam_2018_02_21_17_19_16_171.jpg;0;0;0;0;108.7898;89.64981;0.02650202;14.86835;359.9907
/Users/robertlo/Documents/GitHub/playground/Udacity_Robot/IMG/robocam_2018_02_21_17_19_16_204.jpg;0;0;0;0;108.7898;89.64981;0.02650202;14.86835;359.9907
/Users/robertlo/Documents/GitHub/playground/Udacity_Robot/IMG/robocam_2018_02_21_17_19_16_236.jpg;0;0;0;0;108.7898;89.64981;0.02650202;14.86835;359.9907
/Users/robertlo/Documents/GitHub/playground/Udacity_Robot/IMG/robocam_2018_02_21_17_19_16_271.jpg;0;0;0;0;108.7898;89.64981;0.02650202;14.86835;359.9907
/Users/robertlo/Documents/GitHub/playground/Udacity_Robot/IMG/robocam_2018_02_21_17_19_16_304.jpg;0;0;0;0;108.7898;89.64981;0.02650202;14.86835;359.9907
/Users/robertlo/Documents/GitHub/playground/Udacity_Robot/IMG/robocam_2018_02_21_17_19_16_336.jpg;0;0;0;0;108.7898;89.64981;0.02650202;14.86835;359.9907
/Users/robertlo/Documents/GitHub/playground/Udacity_Robot/IMG/robocam_2018_02_21_17_19_16_370.jpg;0;0;0;0;108.7898;89.64981;0.02650202;14.86835;359.9907
Path;SteerAngle;Throttle;Brake;Speed;X_Position;Y_Position;Pitch;Yaw;Roll
/Users/robertlo/Documents/GitHub/playground/Udacity_Robot/IMG/robocam_2018_02_21_17_19_16_404.jpg;0;0;0;0;108.7898;89.64981;0.02650202;14.86835;359.9907
/Users/robertlo/Documents/GitHub/playground/Udacity_Robot/IMG/robocam_2018_02_21_17_19_16_436.jpg;0;0;0;0;108.7898;89.64981;0.02650202;14.86835;359.9907
/Users/robertlo/Documents/GitHub/playground/Udacity_Robot/IMG/robocam_2018_02_21_17_19_16_470.jpg;0;0;0;0;108.7898;89.64981;0.02650202;14.86835;359.9907
/Users/robertlo/Documents/GitHub/playground/Udacity_Robot/IMG/robocam_2018_02_21_17_19_16_504.jpg;0;0;0;0;108.7898;89.64981;0.02650202;14.86835;359.9907
/Users/robertlo/Documents/GitHub/playground/Udacity_Robot/IMG/robocam_2018_02_21_17_19_16_537.jpg;0;0;0;0;108.7898;89.64981;0.02650202;14.86835;359.9907
/Users/robertlo/Documents/GitHub/playground/Udacity_Robot/IMG/robocam_2018_02_21_17_19_16_570.jpg;0;0;0;0;108.7898;89.64981;0.02650202;14.86835;359.9907
/Users/robertlo/Documents/GitHub/playground/Udacity_Robot/IMG/robocam_2018_02_21_17_19_16_603.jpg;0;0;0;0;108.7898;89.64981;0.02650202;14.86835;359.9907
/Users/robertlo/Documents/GitHub/playground/Udacity_Robot/IMG/robocam_2018_02_21_17_19_16_636.jpg;0;0;0;0;108.7898;89.64981;0.02650202;14.86835;359.9907
/Users/robertlo/Documents/GitHub/playground/Udacity_Robot/IMG/robocam_2018_02_21_17_19_16_670.jpg;0;0;0;0;108.7898;89.64981;0.02650202;14.86835;359.9907
/Users/robertlo/Documents/GitHub/playground/Udacity_Robot/IMG/robocam_2018_02_21_17_19_16_704.jpg;0;0;0;0;108.7898;89.64981;0.02650202;14.86835;359.9907
/Users/robertlo/Documents/GitHub/playground/Udacity_Robot/IMG/robocam_2018_02_21_17_19_16_737.jpg;0;0;0;0;108.7898;89.64981;0.02650202;14.86835;359.9907
/Users/robertlo/Documents/GitHub/playground/Udacity_Robot/IMG/robocam_2018_02_21_17_19_16_770.jpg;0;0;0;0;108.7898;89.64981;0.02650202;14.86835;359.9907
/Users/robertlo/Documents/GitHub/playground/Udacity_Robot/IMG/robocam_2018_02_21_17_19_16_804.jpg;0;0;0;0;108.7898;89.64981;0.02650202;14.86835;359.9907
/Users/robertlo/Documents/GitHub/playground/Udacity_Robot/IMG/robocam_2018_02_21_17_19_16_836.jpg;0;0;0;0;108.7898;89.64981;0.02650202;14.86835;359.9907
/Users/robertlo/Documents/GitHub/playground/Udacity_Robot/IMG/robocam_2018_02_21_17_19_16_870.jpg;0;0;0;0;108.7898;89.64981;0.02650202;14.86835;359.9907
/Users/robertlo/Documents/GitHub/playground/Udacity_Robot/IMG/robocam_2018_02_21_17_19_16_904.jpg;0;0;0;0;108.7898;89.64981;0.02650202;14.86835;359.9907
/Users/robertlo/Documents/GitHub/playground/Udacity_Robot/IMG/robocam_2018_02_21_17_19_16_936.jpg;0;0;0;0;108.7898;89.64981;0.02650202;14.86835;359.9907
/Users/robertlo/Documents/GitHub/playground/Udacity_Robot/IMG/robocam_2018_02_21_17_19_16_971.jpg;0;0;0;0;108.7898;89.64981;0.02650202;14.86835;359.9907
/Users/robertlo/Documents/GitHub/playground/Udacity_Robot/IMG/robocam_2018_02_21_17_19_17_004.jpg;0;0;0;0;108.7898;89.64981;0.02650202;14.86835;359.9907
/Users/robertlo/Documents/GitHub/playground/Udacity_Robot/IMG/robocam_2018_02_21_17_19_17_037.jpg;0;0;0;0;108.7898;89.64981;0.02650202;14.86835;359.9907
/Users/robertlo/Documents/GitHub/playground/Udacity_Robot/IMG/robocam_2018_02_21_17_19_17_070.jpg;0;0;0;0;108.7898;89.64981;0.02650202;14.86835;359.9907
/Users/robertlo/Documents/GitHub/playground/Udacity_Robot/IMG/robocam_2018_02_21_17_19_17_103.jpg;0;0;0;0;108.7898;89.64981;0.02650202;14.86835;359.9907
/Users/robertlo/Documents/GitHub/playground/Udacity_Robot/IMG/robocam_2018_02_21_17_19_17_137.jpg;0;0;0;0;108.7898;89.64981;0.02650202;14.86835;359.9907
/Users/robertlo/Documents/GitHub/playground/Udacity_Robot/IMG/robocam_2018_02_21_17_19_17_170.jpg;0;0;0;0;108.7898;89.64981;0.02650202;14.86835;359.9907
/Users/robertlo/Documents/GitHub/playground/Udacity_Robot/IMG/robocam_2018_02_21_17_19_17_204.jpg;0;0;0;0;108.7898;89.64981;0.02650202;14.86835;359.9907
/Users/robertlo/Documents/GitHub/playground/Udacity_Robot/IMG/robocam_2018_02_21_17_19_17_236.jpg;0;0;0;0;108.7898;89.64981;0.02650202;14.86835;359.9907
/Users/robertlo/Documents/GitHub/playground/Udacity_Robot/IMG/robocam_2018_02_21_17_19_17_271.jpg;0;0;0;0;108.7898;89.64981;0.02650202;14.86835;359.9907
/Users/robertlo/Documents/GitHub/playground/Udacity_Robot/IMG/robocam_2018_02_21_17_19_17_304.jpg;0;0;0;0;108.7898;89.64981;0.02650202;14.86835;359.9907
/Users/robertlo/Documents/GitHub/playground/Udacity_Robot/IMG/robocam_2018_02_21_17_19_17_337.jpg;0;0;0;0;108.7898;89.64981;0.02650202;14.86835;359.9907
/Users/robertlo/Documents/GitHub/playground/Udacity_Robot/IMG/robocam_2018_02_21_17_19_17_370.jpg;0;0;0;0;108.7898;89.64981;0.02650202;14.86835;359.9907
/Users/robertlo/Documents/GitHub/playground/Udacity_Robot/IMG/robocam_2018_02_21_17_19_17_404.jpg;0;0;0;0;108.7898;89.64981;0.02650202;14.86835;359.9907
/Users/robertlo/Documents/GitHub/playground/Udacity_Robot/IMG/robocam_2018_02_21_17_19_17_437.jpg;0;0;0;0;108.7898;89.64981;0.02650202;14.86835;359.9907
/Users/robertlo/Documents/GitHub/playground/Udacity_Robot/IMG/robocam_2018_02_21_17_19_17_471.jpg;0;0;0;0;108.7898;89.64981;0.02650202;14.86835;359.9907
/Users/robertlo/Documents/GitHub/playground/Udacity_Robot/IMG/robocam_2018_02_21_17_19_17_504.jpg;0;0;0;0;108.7898;89.64981;0.02650202;14.86835;359.9907
/Users/robertlo/Documents/GitHub/playground/Udacity_Robot/IMG/robocam_2018_02_21_17_19_17_536.jpg;0;0;0;0;108.7898;89.64981;0.02650202;14.86835;359.9907
/Users/robertlo/Documents/GitHub/playground/Udacity_Robot/IMG/robocam_2018_02_21_17_19_17_570.jpg;0;0;0;0;108.7898;89.64981;0.02650202;14.86835;359.9907
/Users/robertlo/Documents/GitHub/playground/Udacity_Robot/IMG/robocam_2018_02_21_17_19_17_603.jpg;0;0;0;0;108.7898;89.64981;0.02650202;14.86835;359.9907
/Users/robertlo/Documents/GitHub/playground/Udacity_Robot/IMG/robocam_2018_02_21_17_19_17_636.jpg;0;0;0;0;108.7898;89.64981;0.02650202;14.86835;359.9907
/Users/robertlo/Documents/GitHub/playground/Udacity_Robot/IMG/robocam_2018_02_21_17_19_17_671.jpg;0;0;0;0;108.7898;89.64981;0.02650202;14.86835;359.9907
/Users/robertlo/Documents/GitHub/playground/Udacity_Robot/IMG/robocam_2018_02_21_17_19_17_704.jpg;0;0;0;0;108.7898;89.64981;0.02650202;14.86835;359.9907
/Users/robertlo/Documents/GitHub/playground/Udacity_Robot/IMG/robocam_2018_02_21_17_19_17_736.jpg;0;0;0;0;108.7898;89.64981;0.02650202;14.86835;359.9907
/Users/robertlo/Documents/GitHub/playground/Udacity_Robot/IMG/robocam_2018_02_21_17_19_17_771.jpg;0;0;0;0;108.7898;89.64981;0.02650202;14.86835;359.9907
/Users/robertlo/Documents/GitHub/playground/Udacity_Robot/IMG/robocam_2018_02_21_17_19_17_803.jpg;0;0;0;0;108.7898;89.64981;0.02650202;14.86835;359.9907
/Users/robertlo/Documents/GitHub/playground/Udacity_Robot/IMG/robocam_2018_02_21_17_19_17_836.jpg;0;0;0;0;108.7898;89.64981;0.02650202;14.86835;359.9907
/Users/robertlo/Documents/GitHub/playground/Udacity_Robot/IMG/robocam_2018_02_21_17_19_17_870.jpg;0;0;0;0;108.7898;89.64981;0.02650202;14.86835;359.9907
/Users/robertlo/Documents/GitHub/playground/Udacity_Robot/IMG/robocam_2018_02_21_17_19_17_904.jpg;0;0;0;0;108.7898;89.64981;0.02650202;14.86835;359.9907
/Users/robertlo/Documents/GitHub/playground/Udacity_Robot/IMG/robocam_2018_02_21_17_19_17_937.jpg;0;0;0;0;108.7898;89.64981;0.02650202;14.86835;359.9907
/Users/robertlo/Documents/GitHub/playground/Udacity_Robot/IMG/robocam_2018_02_21_17_19_17_970.jpg;0;0;0;0;108.7898;89.64981;0.02650202;14.86835;359.9907
/Users/robertlo/Documents/GitHub/playground/Udacity_Robot/IMG/robocam_2018_02_21_17_19_18_004.jpg;0;0;0;0;108.7898;89.64981;0.02650202;14.86835;359.9907
/Users/robertlo/Documents/GitHub/playground/Udacity_Robot/IMG/robocam_2018_02_21_17_19_18_036.jpg;0;0;0;0;108.7898;89.64981;0.02650202;14.86835;359.9907
/Users/robertlo/Documents/GitHub/playground/Udacity_Robot/IMG/robocam_2018_02_21_17_19_18_070.jpg;0;0;0;0;108.7898;89.64981;0.02650202;14.86835;359.9907
/Users/robertlo/Documents/GitHub/playground/Udacity_Robot/IMG/robocam_2018_02_21_17_19_18_103.jpg;0;0;0;0;108.7898;89.64981;0.02650202;14.86835;359.9907
/Users/robertlo/Documents/GitHub/playground/Udacity_Robot/IMG/robocam_2018_02_21_17_19_18_136.jpg;0;0;0;0;108.7898;89.64981;0.02650202;14.86835;359.9907
/Users/robertlo/Documents/GitHub/playground/Udacity_Robot/IMG/robocam_2018_02_21_17_19_18_170.jpg;0;0;0;0;108.7898;89.64981;0.02650202;14.86835;359.9907
/Users/robertlo/Documents/GitHub/playground/Udacity_Robot/IMG/robocam_2018_02_21_17_19_18_203.jpg;0;0;0;0;108.7898;89.64981;0.02650202;14.86835;359.9907
/Users/robertlo/Documents/GitHub/playground/Udacity_Robot/IMG/robocam_2018_02_21_17_19_18_236.jpg;0;0;0;0;108.7898;89.64981;0.02650202;14.86835;359.9907
/Users/robertlo/Documents/GitHub/playground/Udacity_Robot/IMG/robocam_2018_02_21_17_19_18_270.jpg;0;0;0;0;108.7898;89.64981;0.02650202;14.86835;359.9907
/Users/robertlo/Documents/GitHub/playground/Udacity_Robot/IMG/robocam_2018_02_21_17_19_18_304.jpg;0;0;0;0;108.7898;89.64981;0.02650202;14.86835;359.9907
/Users/robertlo/Documents/GitHub/playground/Udacity_Robot/IMG/robocam_2018_02_21_17_19_18_336.jpg;0;0;0;0;108.7898;89.64981;0.02650202;14.86835;359.9907
/Users/robertlo/Documents/GitHub/playground/Udacity_Robot/IMG/robocam_2018_02_21_17_19_18_370.jpg;0;0;0;0;108.7898;89.64981;0.02650202;14.86835;359.9907
/Users/robertlo/Documents/GitHub/playground/Udacity_Robot/IMG/robocam_2018_02_21_17_19_18_404.jpg;0;0;0;0;108.7898;89.64981;0.02650202;14.86835;359.9907
/Users/robertlo/Documents/GitHub/playground/Udacity_Robot/IMG/robocam_2018_02_21_17_19_18_437.jpg;0;0;0;0;108.7898;89.64981;0.02650202;14.86835;359.9907
/Users/robertlo/Documents/GitHub/playground/Udacity_Robot/IMG/robocam_2018_02_21_17_19_18_470.jpg;0;0;0;0;108.7898;89.64981;0.02650202;14.86835;359.9907
/Users/robertlo/Documents/GitHub/playground/Udacity_Robot/IMG/robocam_2018_02_21_17_19_18_504.jpg;0;0;0;0;108.7898;89.64981;0.02650202;14.86835;359.9907
/Users/robertlo/Documents/GitHub/playground/Udacity_Robot/IMG/robocam_2018_02_21_17_19_18_536.jpg;0;0;0;0;108.7898;89.64981;0.02650202;14.86835;359.9907
/Users/robertlo/Documents/GitHub/playground/Udacity_Robot/IMG/robocam_2018_02_21_17_19_18_570.jpg;0;0;0;0;108.7898;89.64981;0.02650202;14.86835;359.9907
/Users/robertlo/Documents/GitHub/playground/Udacity_Robot/IMG/robocam_2018_02_21_17_19_18_603.jpg;0;0;0;0;108.7898;89.64981;0.02650202;14.86835;359.9907
/Users/robertlo/Documents/GitHub/playground/Udacity_Robot/IMG/robocam_2018_02_21_17_19_18_636.jpg;0;0;0;0;108.7898;89.64981;0.02650202;14.86835;359.9907
/Users/robertlo/Documents/GitHub/playground/Udacity_Robot/IMG/robocam_2018_02_21_17_19_18_671.jpg;0;0;0;0;108.7898;89.64981;0.02650202;14.86835;359.9907
/Users/robertlo/Documents/GitHub/playground/Udacity_Robot/IMG/robocam_2018_02_21_17_19_18_703.jpg;0;0;0;0;108.7898;89.64981;0.02650202;14.86835;359.9907
/Users/robertlo/Documents/GitHub/playground/Udacity_Robot/IMG/robocam_2018_02_21_17_19_18_736.jpg;0;0;0;0;108.7898;89.64981;0.02650202;14.86835;359.9907
/Users/robertlo/Documents/GitHub/playground/Udacity_Robot/IMG/robocam_2018_02_21_17_19_18_769.jpg;0;0;0;0;108.7898;89.64981;0.02650202;14.86835;359.9907
/Users/robertlo/Documents/GitHub/playground/Udacity_Robot/IMG/robocam_2018_02_21_17_19_18_803.jpg;0;0;0;0;108.7898;89.64981;0.02650202;14.86835;359.9907
/Users/robertlo/Documents/GitHub/playground/Udacity_Robot/IMG/robocam_2018_02_21_17_19_18_836.jpg;0;0;0;0;108.7898;89.64981;0.02650202;14.86835;359.9907
/Users/robertlo/Documents/GitHub/playground/Udacity_Robot/IMG/robocam_2018_02_21_17_19_18_870.jpg;0;0;0;0;108.7898;89.64981;0.02650202;14.86835;359.9907
/Users/robertlo/Documents/GitHub/playground/Udacity_Robot/IMG/robocam_2018_02_21_17_19_18_904.jpg;0;0;0;0;108.7898;89.64981;0.02650202;14.86835;359.9907
/Users/robertlo/Documents/GitHub/playground/Udacity_Robot/IMG/robocam_2018_02_21_17_19_18_937.jpg;0;0;0;0;108.7898;89.64981;0.02650202;14.86835;359.9907
/Users/robertlo/Documents/GitHub/playground/Udacity_Robot/IMG/robocam_2018_02_21_17_19_18_970.jpg;0;0;0;0;108.7898;89.64981;0.02650202;14.86835;359.9907
/Users/robertlo/Documents/GitHub/playground/Udacity_Robot/IMG/robocam_2018_02_21_17_19_19_003.jpg;0;0;0;0;108.7898;89.64981;0.02650202;14.86835;359.9907
/Users/robertlo/Documents/GitHub/playground/Udacity_Robot/IMG/robocam_2018_02_21_17_19_19_036.jpg;0;0;0;0;108.7898;89.64981;0.02650202;14.86835;359.9907
/Users/robertlo/Documents/GitHub/playground/Udacity_Robot/IMG/robocam_2018_02_21_17_19_19_070.jpg;0;0;0;0;108.7898;89.64981;0.02650202;14.86835;359.9907
/Users/robertlo/Documents/GitHub/playground/Udacity_Robot/IMG/robocam_2018_02_21_17_19_19_104.jpg;0;0;0;0;108.7898;89.64981;0.02650202;14.86835;359.9907
/Users/robertlo/Documents/GitHub/playground/Udacity_Robot/IMG/robocam_2018_02_21_17_19_19_137.jpg;0;0;0;0;108.7898;89.64981;0.02650202;14.86835;359.9907
/Users/robertlo/Documents/GitHub/playground/Udacity_Robot/IMG/robocam_2018_02_21_17_19_19_170.jpg;0;0;0;0;108.7898;89.64981;0.02650202;14.86835;359.9907
/Users/robertlo/Documents/GitHub/playground/Udacity_Robot/IMG/robocam_2018_02_21_17_19_19_204.jpg;0;0;0;0;108.7898;89.64981;0.02650202;14.86835;359.9907
/Users/robertlo/Documents/GitHub/playground/Udacity_Robot/IMG/robocam_2018_02_21_17_19_19_236.jpg;0;0;0;0;108.7898;89.64981;0.02650202;14.86835;359.9907
/Users/robertlo/Documents/GitHub/playground/Udacity_Robot/IMG/robocam_2018_02_21_17_19_19_270.jpg;0;0;0;0;108.7898;89.64981;0.02650202;14.86835;359.9907
/Users/robertlo/Documents/GitHub/playground/Udacity_Robot/IMG/robocam_2018_02_21_17_19_19_304.jpg;0;0;0;0;108.7898;89.64981;0.02650202;14.86835;359.9907
/Users/robertlo/Documents/GitHub/playground/Udacity_Robot/IMG/robocam_2018_02_21_17_19_19_336.jpg;0;0;0;0;108.7898;89.64981;0.02650202;14.86835;359.9907
/Users/robertlo/Documents/GitHub/playground/Udacity_Robot/IMG/robocam_2018_02_21_17_19_19_370.jpg;0;0;0;0;108.7898;89.64981;0.02650202;14.86835;359.9907
/Users/robertlo/Documents/GitHub/playground/Udacity_Robot/IMG/robocam_2018_02_21_17_19_19_404.jpg;0;0;0;0;108.7898;89.64981;0.02650202;14.86835;359.9907
/Users/robertlo/Documents/GitHub/playground/Udacity_Robot/IMG/robocam_2018_02_21_17_19_19_436.jpg;0;0;0;0;108.7898;89.64981;0.02650202;14.86835;359.9907
/Users/robertlo/Documents/GitHub/playground/Udacity_Robot/IMG/robocam_2018_02_21_17_19_19_470.jpg;0;0;0;0;108.7898;89.64981;0.02650202;14.86835;359.9907
/Users/robertlo/Documents/GitHub/playground/Udacity_Robot/IMG/robocam_2018_02_21_17_19_19_504.jpg;0;0;0;0;108.7898;89.64981;0.02650202;14.86835;359.9907
/Users/robertlo/Documents/GitHub/playground/Udacity_Robot/IMG/robocam_2018_02_21_17_19_19_537.jpg;0;0;0;0;108.7898;89.64981;0.02650202;14.86835;359.9907
/Users/robertlo/Documents/GitHub/playground/Udacity_Robot/IMG/robocam_2018_02_21_17_19_19_570.jpg;0;0;0;0;108.7898;89.64981;0.02650202;14.86835;359.9907
/Users/robertlo/Documents/GitHub/playground/Udacity_Robot/IMG/robocam_2018_02_21_17_19_19_604.jpg;0;0;0;0;108.7898;89.64981;0.02650202;14.86835;359.9907
/Users/robertlo/Documents/GitHub/playground/Udacity_Robot/IMG/robocam_2018_02_21_17_19_19_636.jpg;0;0;0;0;108.7898;89.64981;0.02650202;14.86835;359.9907
/Users/robertlo/Documents/GitHub/playground/Udacity_Robot/IMG/robocam_2018_02_21_17_19_19_670.jpg;0;0;0;0;108.7898;89.64981;0.02650202;14.86835;359.9907
/Users/robertlo/Documents/GitHub/playground/Udacity_Robot/IMG/robocam_2018_02_21_17_19_19_703.jpg;0;0;0;0;108.7898;89.64981;0.02650202;14.86835;359.9907
/Users/robertlo/Documents/GitHub/playground/Udacity_Robot/IMG/robocam_2018_02_21_17_19_19_737.jpg;0;0;0;0;108.7898;89.64981;0.02650202;14.86835;359.9907
/Users/robertlo/Documents/GitHub/playground/Udacity_Robot/IMG/robocam_2018_02_21_17_19_19_771.jpg;0;0;0;0;108.7898;89.64981;0.02650202;14.86835;359.9907
/Users/robertlo/Documents/GitHub/playground/Udacity_Robot/IMG/robocam_2018_02_21_17_19_19_804.jpg;0;0;0;0;108.7898;89.64981;0.02650202;14.86835;359.9907
/Users/robertlo/Documents/GitHub/playground/Udacity_Robot/IMG/robocam_2018_02_21_17_19_19_836.jpg;0;0;0;0;108.7898;89.64981;0.02650202;14.86835;359.9907
/Users/robertlo/Documents/GitHub/playground/Udacity_Robot/IMG/robocam_2018_02_21_17_19_19_871.jpg;0;0;0;0;108.7898;89.64981;0.02650202;14.86835;359.9907
/Users/robertlo/Documents/GitHub/playground/Udacity_Robot/IMG/robocam_2018_02_21_17_19_19_903.jpg;0;0;0;0;108.7898;89.64981;0.02650202;14.86835;359.9907
/Users/robertlo/Documents/GitHub/playground/Udacity_Robot/IMG/robocam_2018_02_21_17_19_19_937.jpg;0;0;0;0;108.7898;89.64981;0.02650202;14.86835;359.9907
/Users/robertlo/Documents/GitHub/playground/Udacity_Robot/IMG/robocam_2018_02_21_17_19_19_970.jpg;0;0;0;0;108.7898;89.64981;0.02650202;14.86835;359.9907
/Users/robertlo/Documents/GitHub/playground/Udacity_Robot/IMG/robocam_2018_02_21_17_19_20_004.jpg;0;0;0;0;108.7898;89.64981;0.02650202;14.86835;359.9907
/Users/robertlo/Documents/GitHub/playground/Udacity_Robot/IMG/robocam_2018_02_21_17_19_20_036.jpg;0;0;0;0;108.7898;89.64981;0.02650202;14.86835;359.9907
/Users/robertlo/Documents/GitHub/playground/Udacity_Robot/IMG/robocam_2018_02_21_17_19_20_070.jpg;0;0;0;0;108.7898;89.64981;0.02650202;14.86835;359.9907
/Users/robertlo/Documents/GitHub/playground/Udacity_Robot/IMG/robocam_2018_02_21_17_19_20_103.jpg;0;0;0;0;108.7898;89.64981;0.02650202;14.86835;359.9907
/Users/robertlo/Documents/GitHub/playground/Udacity_Robot/IMG/robocam_2018_02_21_17_19_20_136.jpg;0;0;0;0;108.7898;89.64981;0.02650202;14.86835;359.9907
/Users/robertlo/Documents/GitHub/playground/Udacity_Robot/IMG/robocam_2018_02_21_17_19_20_170.jpg;0;0;0;0;108.7898;89.64981;0.02650202;14.86835;359.9907
/Users/robertlo/Documents/GitHub/playground/Udacity_Robot/IMG/robocam_2018_02_21_17_19_20_204.jpg;0;0;0;0;108.7898;89.64981;0.02650202;14.86835;359.9907
/Users/robertlo/Documents/GitHub/playground/Udacity_Robot/IMG/robocam_2018_02_21_17_19_20_237.jpg;0;0;0;0;108.7898;89.64981;0.02650202;14.86835;359.9907
/Users/robertlo/Documents/GitHub/playground/Udacity_Robot/IMG/robocam_2018_02_21_17_19_20_270.jpg;0;0;0;0;108.7898;89.64981;0.02650202;14.86835;359.9907
/Users/robertlo/Documents/GitHub/playground/Udacity_Robot/IMG/robocam_2018_02_21_17_19_20_304.jpg;0;0;0;0;108.7898;89.64981;0.02650202;14.86835;359.9907
/Users/robertlo/Documents/GitHub/playground/Udacity_Robot/IMG/robocam_2018_02_21_17_19_20_337.jpg;0;0;0;0;108.7898;89.64981;0.02650202;14.86835;359.9907
/Users/robertlo/Documents/GitHub/playground/Udacity_Robot/IMG/robocam_2018_02_21_17_19_20_370.jpg;0;0;0;0;108.7898;89.64981;0.02650202;14.86835;359.9907
/Users/robertlo/Documents/GitHub/playground/Udacity_Robot/IMG/robocam_2018_02_21_17_19_20_404.jpg;0;0;0;0;108.7898;89.64981;0.02650202;14.86835;359.9907
/Users/robertlo/Documents/GitHub/playground/Udacity_Robot/IMG/robocam_2018_02_21_17_19_20_437.jpg;0;0;0;0;108.7898;89.64981;0.02650202;14.86835;359.9907
/Users/robertlo/Documents/GitHub/playground/Udacity_Robot/IMG/robocam_2018_02_21_17_19_20_470.jpg;0;0;0;0;108.7898;89.64981;0.02650202;14.86835;359.9907
/Users/robertlo/Documents/GitHub/playground/Udacity_Robot/IMG/robocam_2018_02_21_17_19_20_503.jpg;0;0;0;0;108.7898;89.64981;0.02650202;14.86835;359.9907
/Users/robertlo/Documents/GitHub/playground/Udacity_Robot/IMG/robocam_2018_02_21_17_19_20_537.jpg;0;0;0;0;108.7898;89.64981;0.02650202;14.86835;359.9907
/Users/robertlo/Documents/GitHub/playground/Udacity_Robot/IMG/robocam_2018_02_21_17_19_20_570.jpg;0;0;0;0;108.7898;89.64981;0.02650202;14.86835;359.9907
/Users/robertlo/Documents/GitHub/playground/Udacity_Robot/IMG/robocam_2018_02_21_17_19_20_604.jpg;0;0;0;0;108.7898;89.64981;0.02650202;14.86835;359.9907
/Users/robertlo/Documents/GitHub/playground/Udacity_Robot/IMG/robocam_2018_02_21_17_19_20_636.jpg;0;0;0;0;108.7898;89.64981;0.02650202;14.86835;359.9907
/Users/robertlo/Documents/GitHub/playground/Udacity_Robot/IMG/robocam_2018_02_21_17_19_20_670.jpg;0;0;0;0;108.7898;89.64981;0.02650202;14.86835;359.9907
/Users/robertlo/Documents/GitHub/playground/Udacity_Robot/IMG/robocam_2018_02_21_17_19_20_704.jpg;0;0;0;0;108.7898;89.64981;0.02650202;14.86835;359.9907
/Users/robertlo/Documents/GitHub/playground/Udacity_Robot/IMG/robocam_2018_02_21_17_19_20_736.jpg;0;0;0;0;108.7898;89.64981;0.02650202;14.86835;359.9907
/Users/robertlo/Documents/GitHub/playground/Udacity_Robot/IMG/robocam_2018_02_21_17_19_20_770.jpg;0;0;0;0;108.7898;89.64981;0.02650202;14.86835;359.9907
/Users/robertlo/Documents/GitHub/playground/Udacity_Robot/IMG/robocam_2018_02_21_17_19_20_804.jpg;0;0;0;0;108.7898;89.64981;0.02650202;14.86835;359.9907
/Users/robertlo/Documents/GitHub/playground/Udacity_Robot/IMG/robocam_2018_02_21_17_19_20_837.jpg;0;0;0;0;108.7898;89.64981;0.02650202;14.86835;359.9907
/Users/robertlo/Documents/GitHub/playground/Udacity_Robot/IMG/robocam_2018_02_21_17_19_20_871.jpg;0;0;0;0;108.7898;89.64981;0.02650202;14.86835;359.9907
/Users/robertlo/Documents/GitHub/playground/Udacity_Robot/IMG/robocam_2018_02_21_17_19_20_903.jpg;0;0;0;0;108.7898;89.64981;0.02650202;14.86835;359.9907
/Users/robertlo/Documents/GitHub/playground/Udacity_Robot/IMG/robocam_2018_02_21_17_19_20_936.jpg;0;0;0;0;108.7898;89.64981;0.02650202;14.86835;359.9907
/Users/robertlo/Documents/GitHub/playground/Udacity_Robot/IMG/robocam_2018_02_21_17_19_20_970.jpg;0;0;0;0;108.7898;89.64981;0.02650202;14.86835;359.9907
/Users/robertlo/Documents/GitHub/playground/Udacity_Robot/IMG/robocam_2018_02_21_17_19_21_003.jpg;0;0;0;0;108.7898;89.64981;0.02650202;14.86835;359.9907
/Users/robertlo/Documents/GitHub/playground/Udacity_Robot/IMG/robocam_2018_02_21_17_19_21_036.jpg;0;0;0;0;108.7898;89.64981;0.02650202;14.86835;359.9907
/Users/robertlo/Documents/GitHub/playground/Udacity_Robot/IMG/robocam_2018_02_21_17_19_21_070.jpg;0;0;0;0;108.7898;89.64981;0.02650202;14.86835;359.9907
